country code,inflation_type,country,year_2005,year_2006,year_2007,year_2008,year_2009,year_2010,year_2011,year_2012,year_2013,year_2014,year_2015,year_2016,year_2017,year_2018,year_2019,year_2021,year_2022
ABW,Headline Consumer Price Inflation,Aruba,3.4,3.61,5.39,8.96,-2.14,2.08,4.32,0.63,-2.37,0.42,0.48,-0.89,-0.47,3.58,4.26,0.74,6.04
AGO,Headline Consumer Price Inflation,Angola,22.96,13.31,12.25,12.47,13.72,14.48,13.48,10.28,8.78,7.3,9.16,32.38,29.84,19.63,17.08,23.85,21.35
ALB,Headline Consumer Price Inflation,Albania,2.36,2.41,2.91,3.41,2.29,3.57,3.41,2.03,1.93,1.62,1.91,1.29,1.99,2.03,1.41,2.04,6.73
ARE,Headline Consumer Price Inflation,United Arab Emirates,6.2,9.28,11.13,12.27,1.57,0.88,0.88,0.66,1.09,2.34,4.07,1.62,1.97,3.06,-1.93,0.18,5.22
ARG,Headline Consumer Price Inflation,Argentina,9.64,10.9,8.83,8.59,6.27,10.46,9.77,10.04,10.62,38.08,26.54,39.4,25.68,34.28,53.55,48.41,72.43
ARM,Headline Consumer Price Inflation,Armenia,0.72,3.43,4.55,9.02,3.54,7.27,7.65,2.54,5.79,2.98,3.73,-1.41,1.03,2.52,1.44,7.18,8.78
ATG,Headline Consumer Price Inflation,Antigua and Barbuda,2.1,1.79,1.42,5.33,-0.55,3.37,3.46,3.38,1.06,1.09,0.97,-0.49,2.43,1.21,1.48,1.63,8.52
AUS,Headline Consumer Price Inflation,Australia,2.69,3.56,2.33,4.35,1.77,2.92,3.3,1.76,2.45,2.49,1.51,1.28,1.97,1.91,1.61,2.82,6.5
AUT,Headline Consumer Price Inflation,Austria,2.3,1.44,2.17,3.22,0.51,1.81,3.29,2.49,2,1.61,0.9,0.89,2.23,2,1.49,2.77,8.5
AZE,Headline Consumer Price Inflation,Azerbaijan,9.54,8.23,16.57,20.8,1.33,5.69,7.77,1.01,2.43,1.43,4.03,12.44,12.84,2.33,2.71,6.65,13.85
BDI,Headline Consumer Price Inflation,Burundi,13.25,2.75,8.41,24.41,10.56,6.49,9.59,18.16,7.94,4.41,5.54,5.56,16.64,-2.81,-0.71,8.31,17.34
BEL,Headline Consumer Price Inflation,Belgium,2.78,1.79,1.82,4.49,-0.05,2.19,3.53,2.84,1.11,0.34,0.56,1.97,2.22,2.05,1.25,2.44,9.6
BEN,Headline Consumer Price Inflation,Benin,5.36,3.79,1.29,7.94,0.4,2.18,2.72,6.74,0.89,-1.01,0.27,-0.85,1.77,0.83,-0.93,5.92,1.31
BFA,Headline Consumer Price Inflation,Burkina Faso,6.41,2.34,-0.23,10.67,0.86,-0.61,2.76,3.82,0.53,-0.26,0.95,-0.24,0.35,1.96,-3.23,3.85,14.29
BGD,Headline Consumer Price Inflation,Bangladesh,7.04,6.77,9.11,8.9,5.44,8.15,10.26,6.55,7.52,6.98,6.19,5.51,5.61,5.55,5.47,5.31,7.7
BGR,Headline Consumer Price Inflation,Bulgaria,5.03,7.26,8.42,12.35,2.75,2.44,4.22,2.95,0.89,-1.41,-0.1,-0.8,1.19,2.81,2.46,2.79,15.33
BHR,Headline Consumer Price Inflation,Bahrain,2.62,2.04,3.25,3.52,2.8,1.96,-0.37,2.77,3.3,2.65,1.84,2.8,1.39,2.08,1,-0.61,3.61
BHS,Headline Consumer Price Inflation,"Bahamas, The",1.82,1.96,2.41,4.43,1.67,1.62,3.2,1.97,0.72,1.51,1.87,-0.35,1.55,2.23,1.34,2.91,5.66
BIH,Headline Consumer Price Inflation,Bosnia and Herzegovina,3.58,6.08,1.55,7.4,-0.39,2.21,3.66,2.06,-0.09,-0.92,-1.01,-1.06,0.81,1.27,0.62,1.98,13.66
BLR,Headline Consumer Price Inflation,Belarus,10.37,6.96,8.29,14.73,12.83,7.66,53.17,59.5,18.33,18.09,13.48,11.8,6.03,4.87,5.6,9.46,15.21
BLZ,Headline Consumer Price Inflation,Belize,3.65,4.24,2.32,6.39,-1.1,0.92,1.7,1.3,0.51,1.2,-0.85,0.66,1.15,0.24,0.19,3.26,6.18
BOL,Headline Consumer Price Inflation,Bolivia,5.4,2.33,8.71,14.01,3.34,2.5,9.88,4.51,5.74,5.76,4.06,3.63,2.82,2.27,1.84,0.74,1.75
BRA,Headline Consumer Price Inflation,Brazil,6.87,4.18,3.64,5.68,4.89,5.04,6.64,5.4,6.2,6.33,9.03,8.74,3.45,3.66,3.73,8.3,9.3
BRB,Headline Consumer Price Inflation,Barbados,6.07,7.31,4.03,8.11,3.64,5.82,9.43,4.53,1.81,1.77,-1.11,1.28,4.41,3.69,4.1,3.06,9.9
BRN,Headline Consumer Price Inflation,Brunei Darussalam,1.09,0.15,0.97,2.09,1.04,0.22,0.14,0.11,0.39,-0.21,-0.42,-0.74,-0.17,0.15,-0.42,1.74,3.81
BTN,Headline Consumer Price Inflation,Bhutan,4.77,5.15,5.08,6.78,6.26,5.73,7.28,9.27,11.32,8.27,4.55,4.31,5.53,2.72,2.6,7.33,12.62
BWA,Headline Consumer Price Inflation,Botswana,8.68,11.55,7.06,12.64,8.13,6.92,8.46,7.55,5.87,4.41,3.07,2.78,3.3,3.22,2.85,7.24,11.59
CAF,Headline Consumer Price Inflation,Central African Republic,2.88,6.69,0.94,9.26,3.52,1.49,1.2,5.87,6.55,11.6,4.5,4.01,4.46,1.61,2.68,4.26,6.53
CYM,Headline Consumer Price Inflation,Cayman Islands,7.29,0.75,2.92,4.08,-1.47,0.27,1.31,1.2,2.17,1.25,-2.38,-0.59,2,3.3,5.7,0.76,8.2
CAN,Headline Consumer Price Inflation,Canada,2.21,2,2.14,2.37,0.3,1.78,2.91,1.52,0.94,1.91,1.13,1.43,1.6,2.27,1.95,3.4,6.8
CHE,Headline Consumer Price Inflation,Switzerland,1.17,1.06,0.73,2.43,-0.48,0.69,0.23,-0.69,-0.22,-0.01,-1.14,-0.43,0.53,0.94,0.36,0.58,2.8
CHL,Headline Consumer Price Inflation,Chile,3.05,3.39,4.41,8.72,0.35,1.41,3.34,3.01,1.93,4.39,4.35,3.79,2.18,2.44,2.25,4.52,11.6
CHN,Headline Consumer Price Inflation,China,1.78,1.65,4.82,5.93,-0.73,3.18,5.55,2.62,2.62,1.92,1.44,2,1.56,2.07,2.9,0.9,1.97
CIV,Headline Consumer Price Inflation,CÃÂ´te d'Ivoire,3.88,2.47,1.9,6.31,0.82,1.44,4.91,1.3,2.58,0.47,1.25,0.71,0.69,0.43,0.81,4.09,5.28
CMR,Headline Consumer Price Inflation,Cameroon,1.99,4.91,1.13,5.34,3.04,1.28,2.94,2.38,2.06,1.84,2.69,0.87,0.64,1.07,2.45,2.27,5.11
COD,Headline Consumer Price Inflation,"Congo, Dem. Rep.",21.55,12.85,16.67,17.97,46.1,23.46,14.95,0.86,0.88,1.24,0.96,18.2,35.79,29.27,4.7,8.99,8.44
COG,Headline Consumer Price Inflation,"Congo, Rep.",2.47,3.71,2.6,6.02,4.34,0.39,1.76,5.01,4.63,0.91,3.17,3.19,0.45,1.15,2.21,1.97,3.5
COL,Headline Consumer Price Inflation,Colombia,5.05,4.29,5.55,7,4.2,2.27,3.42,3.17,2.02,2.9,4.99,7.51,4.31,3.24,3.52,3.5,10.2
COM,Headline Consumer Price Inflation,Comoros,3.01,3.39,4.49,4.82,4.79,3.9,2.23,5.91,1.57,1.35,2,1.8,0.09,1.75,3.7,-0.18,11.44
CPV,Headline Consumer Price Inflation,Cabo Verde,0.43,4.84,4.39,6.79,0.99,2.08,4.47,2.54,1.51,-0.24,0.13,-1.41,0.78,1.25,1.11,1.86,6.5
CRI,Headline Consumer Price Inflation,Costa Rica,13.8,11.47,9.36,13.42,7.84,5.66,4.88,4.5,5.23,4.52,0.8,-0.02,1.63,2.22,2.1,1.73,8.28
CYP,Headline Consumer Price Inflation,Cyprus,2.56,2.5,2.38,4.68,0.34,2.43,3.29,2.38,-0.4,-1.36,-2.1,-1.43,0.68,1.43,0.56,0.49,8.4
CZE,Headline Consumer Price Inflation,Czech Republic,1.86,2.53,2.85,6.36,1.02,1.47,1.92,3.29,1.44,0.34,0.31,0.68,2.45,2.15,2.86,3.84,15.1
DEU,Headline Consumer Price Inflation,Germany,1.55,1.58,2.3,2.63,0.31,1.1,2.08,2.01,1.5,0.91,0.51,0.49,1.71,1.73,1.35,3.14,7.9
DJI,Headline Consumer Price Inflation,Djibouti,3.11,3.47,4.97,11.96,1.67,3.95,5.07,3.74,2.4,2.94,2.1,2.7,0.57,0.15,3.32,1.18,6.59
DMA,Headline Consumer Price Inflation,Dominica,1.68,2.59,3.24,6.36,0.01,2.81,1.06,1.36,-0.05,0.81,-0.79,0.03,0.3,0.99,1.61,1.57,5.28
DNK,Headline Consumer Price Inflation,Denmark,1.82,1.92,1.69,3.42,1.3,2.31,2.76,2.4,0.79,0.56,0.45,0.25,1.06,0.81,0.73,1.85,7.7
DOM,Headline Consumer Price Inflation,Dominican Republic,4.15,7.56,6.17,10.67,1.48,6.34,8.45,3.68,4.82,3.01,0.85,1.63,3.28,3.56,1.81,8.24,8.81
DZA,Headline Consumer Price Inflation,Algeria,1.38,2.31,3.93,4.38,9.36,4.21,5.74,9.7,4.1,3.88,4.39,5.8,5.59,3.51,1.95,7.23,9.96
ECU,Headline Consumer Price Inflation,Ecuador,2.2,3.32,2.29,8.4,5.16,3.55,4.47,5.1,2.72,3.59,3.97,1.73,0.42,-0.22,0.27,0.13,3.47
EGY,Headline Consumer Price Inflation,"Egypt, Arab Rep.",4.85,7.61,9.48,18.32,11.88,11.06,10.08,7.12,9.47,10.06,10.35,13.81,23.54,14.4,13.88,5.21,13.89
ERI,Headline Consumer Price Inflation,Eritrea,12.51,15.06,9.31,19.92,33.04,11.23,3.9,6.02,6.45,10.04,9,9,-13.31,-14.4,-16.36,6.64,7.35
ESP,Headline Consumer Price Inflation,Spain,3.37,3.52,2.79,4.08,-0.29,1.8,3.2,2.45,1.41,-0.15,-0.5,-0.2,1.96,1.68,0.7,3.09,8.4
EST,Headline Consumer Price Inflation,Estonia,4.08,4.44,6.6,10.36,-0.08,2.97,4.98,3.93,2.78,-0.11,-0.49,0.15,3.65,3.44,2.27,4.65,19.4
ETH,Headline Consumer Price Inflation,Ethiopia,11.66,13.56,17.25,44.37,8.48,8.13,33.23,24.13,8.15,7.41,10.08,7.28,10.69,13.84,15.81,26.84,33.89
FIN,Headline Consumer Price Inflation,Finland,0.62,1.57,2.51,4.07,0,1.18,3.42,2.81,1.48,1.04,-0.21,0.36,0.84,1.08,1.14,2.19,7.1
FJI,Headline Consumer Price Inflation,Fiji,2.3,2.53,4.81,7.73,3.65,3.69,7.28,3.42,2.91,0.53,1.38,3.87,3.35,4.08,1.77,0.16,4.52
FRA,Headline Consumer Price Inflation,France,1.75,1.68,1.49,2.81,0.09,1.53,2.11,1.95,0.86,0.51,0.04,0.18,1.16,1.85,1.3,1.64,5.2
FSM,Headline Consumer Price Inflation,"Micronesia, Fed. Sts.",4.08,4.4,3.64,6.55,7.71,3.7,4.06,6.28,2.15,0.68,-0.16,-1.04,0.1,1.5,1.86,2.09,5.79
GAB,Headline Consumer Price Inflation,Gabon,1.17,-1.41,-1.02,5.26,1.88,1.45,1.26,2.68,0.48,4.51,-0.14,2.09,2.65,4.78,2.02,1.08,4.23
GBR,Headline Consumer Price Inflation,United Kingdom,2.06,2.52,2.33,3.48,1.97,2.5,3.88,2.56,2.29,1.43,0.4,1,2.68,2.32,1.79,2.5,7.9
GEO,Headline Consumer Price Inflation,Georgia,8.24,9.22,9.23,10,1.72,7.11,8.52,-0.91,-0.51,3.07,4.03,2.12,6.04,2.62,4.85,9.57,11.9
GHA,Headline Consumer Price Inflation,Ghana,15.1,11.68,10.73,16.5,13.14,6.7,7.68,7.07,11.67,15.49,17.15,17.44,12.37,9.84,7.18,9.97,31.92
GIN,Headline Consumer Price Inflation,Guinea,31.36,34.7,22.86,18.37,4.68,15.47,21.35,15.23,11.89,9.71,8.15,8.17,8.91,9.83,9.47,12.6,12.72
GMB,Headline Consumer Price Inflation,"Gambia, The",4.96,2.06,5.37,4.45,4.55,5.05,4.8,4.64,5.24,6.26,6.81,7.22,8.05,6.52,7.12,7.37,11.31
GNB,Headline Consumer Price Inflation,Guinea-Bissau,3.36,1.95,4.63,10.44,-1.64,1.07,5.05,2.06,0.78,-1.03,1.48,1.5,1.06,1.44,0.25,3.27,5.52
GNQ,Headline Consumer Price Inflation,Equatorial Guinea,5.64,4.47,2.8,4.65,5.74,5.32,4.8,3.44,3.18,4.3,1.7,1.4,0.75,1.08,1.21,-0.09,5.14
GRC,Headline Consumer Price Inflation,Greece,3.55,3.2,2.89,4.15,1.21,4.71,3.33,1.5,-0.92,-1.31,-1.74,-0.83,1.14,0.63,0.52,1.22,9.6
GRD,Headline Consumer Price Inflation,Grenada,3.48,4.25,3.86,8.03,-0.31,3.44,3.03,2.41,-0.04,-0.98,-0.58,1.72,0.91,0.81,0.6,1.22,1.22
GTM,Headline Consumer Price Inflation,Guatemala,9.1,6.56,6.83,11.36,1.87,3.86,6.21,3.78,4.34,3.42,2.39,4.45,4.43,3.75,3.7,4.26,6.89
GUY,Headline Consumer Price Inflation,Guyana,6.93,6.68,12.2,8.1,2.95,4.3,4.41,2.39,1.91,0.68,-0.87,0.83,1.94,1.27,2.09,3.32,7.59
HKG,Headline Consumer Price Inflation,"Hong Kong SAR, China",0.92,2.01,2.03,4.3,0.58,2.31,5.28,4.06,4.32,4.44,3,2.42,1.48,2.41,2.87,1.57,1.88
HND,Headline Consumer Price Inflation,Honduras,8.8,5.58,6.95,11.39,5.5,4.71,6.76,5.2,5.15,6.13,3.16,2.72,3.93,4.34,4.36,4.48,9.09
HRV,Headline Consumer Price Inflation,Croatia,3.32,3.18,2.9,6.08,2.37,1.03,2.26,3.41,2.22,-0.21,-0.46,-1.12,1.13,1.5,0.77,2.55,10.78
HTI,Headline Consumer Price Inflation,Haiti,16.76,14.21,8.96,14.38,3.43,4.14,7.39,6.78,6.78,3.94,7.52,13.38,14.74,12.89,17.31,15.94,26.82
HUN,Headline Consumer Price Inflation,Hungary,3.56,3.93,7.96,6.04,4.21,4.86,3.93,5.65,1.73,-0.23,-0.06,0.39,2.41,2.85,3.37,5.11,14.6
IDN,Headline Consumer Price Inflation,Indonesia,10.45,13.11,6.41,10.23,4.39,5.13,5.36,4.28,6.41,6.39,6.36,3.53,3.81,3.2,2.82,1.56,4.21
IND,Headline Consumer Price Inflation,India,4.25,5.8,6.37,8.35,10.88,11.99,8.86,9.31,10.91,6.35,5.87,4.94,3.6,4.86,4.76,4.89,6.69
IRL,Headline Consumer Price Inflation,Ireland,2.43,3.93,4.9,4.06,-4.48,-0.92,2.56,1.7,0.51,0.18,-0.29,0.01,0.25,0.49,0.88,2.36,7.8
IRN,Headline Consumer Price Inflation,"Iran, Islamic Rep.",10.25,12,18.41,25.3,10.82,12.3,21.53,30.57,36.58,16.61,12.47,7.26,9.64,17.95,41.02,43.39,42.44
IRQ,Headline Consumer Price Inflation,Iraq,36.96,53.25,30.82,2.67,-2.19,2.44,5.6,6.09,1.88,2.24,1.39,0.52,0.1,0.63,-0.2,6.04,5.14
ISL,Headline Consumer Price Inflation,Iceland,3.99,6.69,5.05,12.69,12,5.4,4,5.19,3.87,2.04,1.63,1.7,1.76,2.68,3.01,4.44,8.3
ISR,Headline Consumer Price Inflation,Israel,1.31,2.12,0.47,4.59,3.33,2.71,3.47,1.68,1.57,0.49,-0.63,-0.54,0.24,0.81,0.84,1.49,4.4
ITA,Headline Consumer Price Inflation,Italy,1.99,2.09,1.83,3.35,0.77,1.53,2.78,3.04,1.22,0.24,0.04,-0.09,1.33,1.14,0.63,1.87,8.2
JAM,Headline Consumer Price Inflation,Jamaica,15.1,8.52,9.29,22.01,9.58,12.59,7.53,6.88,9.35,8.3,3.68,2.35,4.38,3.73,3.91,5.86,10.35
JOR,Headline Consumer Price Inflation,Jordan,3.45,6.23,4.71,13.97,-0.73,4.86,4.18,4.52,4.83,2.91,-0.87,-0.78,3.32,4.46,0.68,1.35,4.23
JPN,Headline Consumer Price Inflation,Japan,-0.28,0.25,0.06,1.38,-1.35,-0.72,-0.27,-0.05,0.35,2.76,0.79,-0.12,0.47,0.98,0.48,-0.23,2.5
KAZ,Headline Consumer Price Inflation,Kazakhstan,7.46,8.61,10.78,17.17,7.31,7.08,8.36,5.17,5.8,6.6,6.72,14.59,7.43,6.02,5.24,8,14.99
KEN,Headline Consumer Price Inflation,Kenya,9.91,6.03,4.25,15.1,10.52,4.08,14.03,9.37,5.73,6.88,6.59,6.33,7.99,4.69,5.2,6.11,7.66
KGZ,Headline Consumer Price Inflation,Kyrgyz Republic,4.37,5.52,10.3,24.5,6.79,7.97,16.64,2.78,6.62,7.53,6.48,0.39,3.18,1.54,1.14,11.91,13.92
KHM,Headline Consumer Price Inflation,Cambodia,6.35,6.14,7.67,25,-0.66,4,5.26,3.15,2.94,3.86,1.22,3.02,2.91,2.39,2.01,2.92,6.07
KIR,Headline Consumer Price Inflation,Kiribati,-0.35,-1,3.59,13.66,9.82,-3.9,1.5,-3.05,-1.49,2.1,0.57,1.92,0.36,0.59,-1.88,3,5.6
KNA,Headline Consumer Price Inflation,St. Kitts and Nevis,3.37,8.49,4.48,5.3,2.06,0.85,5.84,0.82,1.11,0.25,-2.3,-0.34,0,-0.23,-0.18,0.2,3.78
KOR,Headline Consumer Price Inflation,"Korea, Rep.",2.75,2.24,2.53,4.67,2.76,2.94,4.03,2.19,1.3,1.27,0.71,0.97,1.94,1.48,0.38,2.5,5.09
KWT,Headline Consumer Price Inflation,Kuwait,4.12,3.09,5.47,6.3,4.61,4.5,4.91,3.2,2.7,2.88,3.27,2.96,1.51,0.57,1.1,3.42,3.98
LAO,Headline Consumer Price Inflation,Lao PDR,7.17,6.56,4.66,7.62,0.15,5.98,7.57,4.25,6.36,4.12,1.28,1.6,0.66,2.03,3.32,3.76,22.96
LBN,Headline Consumer Price Inflation,Lebanon,-0.72,5.57,4.06,10.76,1.22,3.97,4.99,6.55,5.57,1.12,-3.75,-0.82,4.48,6.07,2.89,154.76,171.2
LBR,Headline Consumer Price Inflation,Liberia,6.95,9.51,11.39,17.49,7.43,7.29,8.49,6.83,7.58,9.86,7.74,8.84,12.44,23.56,26.97,7.82,6.91
LBY,Headline Consumer Price Inflation,Libya,2.66,1.47,6.21,10.4,2.45,2.46,15.9,6.07,2.59,2.43,9.84,25.88,28.47,-1.2,4.56,2.77,5.52
LCA,Headline Consumer Price Inflation,St. Lucia,3.91,3.56,2.82,5.55,-0.16,3.25,2.77,4.18,1.47,3.52,-0.99,-3.09,0.11,1.99,0.54,2.38,6.4
LKA,Headline Consumer Price Inflation,Sri Lanka,10.98,10.02,15.84,9.64,3.43,6.25,6.72,7.54,6.9,2.84,3.75,3.97,6.58,2.14,4.3,7.01,50.43
LSO,Headline Consumer Price Inflation,Lesotho,3.64,6.34,9.18,10.69,5.83,3.31,6.01,5.47,5,4.57,4.3,6.21,4.46,4.01,5.19,6.05,8.31
LTU,Headline Consumer Price Inflation,Lithuania,2.66,3.74,5.74,10.93,4.45,1.32,4.13,3.09,1.05,0.1,-0.88,0.91,3.72,2.7,2.24,4.68,19.7
LUX,Headline Consumer Price Inflation,Luxembourg,2.49,2.67,2.31,3.4,0.37,2.27,3.41,2.66,1.73,0.63,0.47,0.29,2.11,1.53,1.65,2.53,6.3
LVA,Headline Consumer Price Inflation,Latvia,6.75,6.54,10.09,15.4,3.53,-1.08,4.37,2.26,-0.03,0.62,0.17,0.14,2.89,2.53,2.75,3.28,17.3
MAC,Headline Consumer Price Inflation,"Macao SAR, China",4.4,5.16,5.57,8.61,1.17,2.81,5.8,6.1,5.5,6.05,4.56,2.37,1.23,3,2.75,0.03,1.05
MAR,Headline Consumer Price Inflation,Morocco,0.98,3.29,2.04,3.89,0.97,1,0.9,1.29,1.9,0.42,1.57,1.65,0.75,1.79,0.24,1.4,6.66
MDA,Headline Consumer Price Inflation,Moldova,11.85,12.71,12.38,12.7,0.01,7.36,7.65,4.56,4.57,5.06,9.63,6.38,6.58,3.05,4.85,5.11,28.74
MDG,Headline Consumer Price Inflation,Madagascar,18.36,10.77,10.29,9.3,8.95,9.25,9.48,5.71,5.83,6.08,7.4,6.66,8.28,7.29,5.62,5.82,9.8
MDV,Headline Consumer Price Inflation,Maldives,2.46,3.5,6.8,12.03,4.55,6.16,11.26,10.89,3.8,2.12,1.89,0.8,2.27,1.37,1.31,0.54,2.18
MEX,Headline Consumer Price Inflation,Mexico,3.99,3.63,3.97,5.12,5.3,4.16,3.41,4.11,3.81,4.02,2.72,2.82,6.04,4.9,3.63,5.69,7.9
MHL,Headline Consumer Price Inflation,Marshall Islands,3.49,5.25,2.64,14.68,0.48,1.77,5.35,4.34,1.85,1.1,-2.24,-1.51,0.03,0.76,1.2,2.61,6.4
MKD,Headline Consumer Price Inflation,"Macedonia, FYR",0.53,3.2,2.26,8.32,-0.74,1.5,3.89,3.31,2.79,-0.27,-0.29,-0.23,1.35,1.46,0.77,3.23,14.2
MLI,Headline Consumer Price Inflation,Mali,6.41,1.52,1.46,9.12,2.22,1.29,3.05,5.32,-0.6,0.89,1.44,-1.8,1.76,1.73,-2.89,3.93,9.99
MLT,Headline Consumer Price Inflation,Malta,3,2.77,1.25,4.26,2.09,1.52,2.72,2.42,1.38,0.31,1.1,0.64,1.26,1.16,1.52,1.5,6.15
MMR,Headline Consumer Price Inflation,Myanmar,10.74,26.33,30.93,11.54,2.25,8.22,2.77,2.83,5.72,5.11,10.04,6.76,4.62,6,8.63,5.03,16.75
MNE,Headline Consumer Price Inflation,Montenegro,3.45,2.12,3.37,9,3.55,0.38,3.44,4.15,2.21,-0.7,1.56,-0.27,2.37,2.6,0.37,2.41,13.05
MNG,Headline Consumer Price Inflation,Mongolia,12.65,4.41,8.19,26.74,6.4,10.34,7.74,14.29,9.96,12.8,6.56,0.72,4.62,6.83,7.26,7.1,15.15
MOZ,Headline Consumer Price Inflation,Mozambique,6.43,13.24,8.16,14.5,3.75,12.47,11.15,2.6,4.27,2.56,3.55,17.45,15.11,3.92,2.79,5.69,10.28
MRT,Headline Consumer Price Inflation,Mauritania,12.13,6.24,7.25,7.45,2.14,6.26,5.69,4.9,4.13,3.77,0.49,1.47,2.27,3.07,2.31,3.77,7.1
MUS,Headline Consumer Price Inflation,Mauritius,4.94,8.93,8.86,9.67,2.56,2.97,6.53,3.83,3.54,3.19,1.32,0.95,3.68,3.21,0.45,4.03,10.77
MWI,Headline Consumer Price Inflation,Malawi,8.16,8.34,8.52,8.72,8.42,7.41,7.62,21.3,28.28,23.77,21.86,21.73,11.54,9.22,9.38,9.34,18.45
MYS,Headline Consumer Price Inflation,Malaysia,3.04,3.62,2.03,5.43,0.6,1.72,3.17,1.66,2.11,3.14,2.1,2.08,3.8,0.97,0.66,2.48,3.38
NAM,Headline Consumer Price Inflation,Namibia,2.27,4.96,6.57,9.08,9.43,4.9,5.01,6.7,5.63,5.34,3.41,6.68,6.15,4.28,3.72,3.62,6.08
NER,Headline Consumer Price Inflation,Niger,7.82,0.05,0.06,11.29,4.3,-2.79,2.94,0.47,2.29,-0.94,1.01,0.18,0.2,3.01,-2.52,3.84,4.23
NGA,Headline Consumer Price Inflation,Nigeria,17.82,8.28,5.42,11.57,12.57,13.74,10.81,12.2,8.48,8.04,9.01,15.69,16.5,12.1,11.4,16.95,18.85
NIC,Headline Consumer Price Inflation,Nicaragua,9.6,9.14,11.13,19.83,3.69,5.45,8.08,7.19,7.14,6.04,3.99,3.52,3.85,4.94,5.38,4.93,10.47
NLD,Headline Consumer Price Inflation,Netherlands,1.69,1.1,1.61,2.49,1.19,1.28,2.34,2.46,2.51,0.98,0.6,0.32,1.3,1.7,2.67,2.68,10
NOR,Headline Consumer Price Inflation,Norway,1.53,2.33,0.71,3.75,2.2,2.42,1.28,0.7,2.12,2.04,2.17,3.55,1.88,2.76,2.17,3.48,5.8
NPL,Headline Consumer Price Inflation,Nepal,4.54,7.96,6.2,6.68,12.62,9.56,9.57,8.31,9.87,9.04,7.21,9.93,4.45,4.15,4.64,3.6,6.26
NRU,Headline Consumer Price Inflation,Nauru,8.66,19.3,5.6,1.03,22.42,-1.97,-3.37,0.26,-1.11,0.28,9.78,8.15,5.08,0.46,4.3,1.2,2
NZL,Headline Consumer Price Inflation,New Zealand,3.04,3.37,2.38,3.96,2.12,2.3,4.03,1.06,1.13,1.23,0.29,0.65,1.85,1.6,1.62,3.94,6.28
OMN,Headline Consumer Price Inflation,Oman,1.94,3.51,5.81,12.41,3.47,3.26,4.04,2.94,1.05,1.03,0.07,1.11,1.6,0.88,0.13,1.55,2.81
PAK,Headline Consumer Price Inflation,Pakistan,9.06,7.92,7.6,19.75,12.16,12.93,11.92,9.68,7.69,7.2,2.55,3.75,4.15,5.07,6.74,9.5,19.87
PAN,Headline Consumer Price Inflation,Panama,2.87,2.43,4.18,8.72,2.42,3.53,5.84,5.69,4.05,2.63,0.13,0.76,0.88,0.77,-0.35,1.63,2.86
PER,Headline Consumer Price Inflation,Peru,1.61,2,1.78,5.79,2.93,1.53,3.37,3.66,2.81,3.25,3.55,3.59,2.8,1.32,2.14,4.27,7.88
PHL,Headline Consumer Price Inflation,Philippines,7.69,6.52,2.96,8.17,4.21,3.79,4.72,3.17,2.95,4.17,1.4,1.81,2.85,5.26,2.48,3.93,5.82
PLW,Headline Consumer Price Inflation,Palau,4.08,4.08,3.29,11.9,1.42,1.45,4.69,3.59,3.41,4.15,0.95,-1.03,0.9,1.57,0.61,0.45,12.2
PNG,Headline Consumer Price Inflation,Papua New Guinea,1.78,2.37,0.91,10.77,6.91,5.1,4.44,4.54,4.96,5.22,6,6.69,5.43,4.73,3.68,4.49,6.6
POL,Headline Consumer Price Inflation,Poland,2.18,1.28,2.46,4.16,3.8,2.58,4.24,3.56,0.99,0.05,-0.87,-0.66,1.98,1.81,2.31,5.1,14.3
PRI,Headline Consumer Price Inflation,Puerto Rico,5.61,5.18,4.23,5.21,0.28,2.47,2.9,1.35,1.06,0.57,-0.75,-0.29,1.75,1.27,0.1,2.41,4.39
PRT,Headline Consumer Price Inflation,Portugal,2.28,3.11,2.45,2.59,-0.84,1.4,3.65,2.77,0.27,-0.28,0.49,0.61,1.56,0.99,0.3,1.27,7.8
PRY,Headline Consumer Price Inflation,Paraguay,6.86,9.52,8.19,10.17,2.59,4.67,8.24,3.68,2.67,5,3.13,4.08,3.6,3.96,2.76,4.79,9.77
QAT,Headline Consumer Price Inflation,Qatar,8.88,11.79,13.67,15.12,-4.88,-2.43,1.91,1.86,3.1,3.32,1.86,2.68,0.4,0.22,-0.55,2.3,5
ROU,Headline Consumer Price Inflation,Romania,9,6.6,4.84,7.85,5.58,6.12,5.79,3.34,3.99,1.07,-0.6,-1.55,1.34,4.64,3.83,5.05,13.8
RUS,Headline Consumer Price Inflation,Russian Federation,12.69,9.67,9.01,14.11,11.65,6.85,8.44,5.07,6.75,7.82,15.53,7.04,3.68,2.88,4.47,6.69,13.75
RWA,Headline Consumer Price Inflation,Rwanda,9.12,8.83,9.08,15.44,10.35,2.31,5.67,6.29,4.22,1.78,2.51,5.72,4.84,1.36,2.43,-0.39,17.7
SAU,Headline Consumer Price Inflation,Saudi Arabia,0.48,2.21,4.17,9.87,5.06,5.34,5.83,2.87,3.51,2.24,1.22,2.05,-0.85,2.47,-2.09,3.06,2.5
SDN,Headline Consumer Price Inflation,Sudan,8.51,7.2,14.75,14.3,11.26,12.98,18.1,35.56,36.52,36.91,16.91,17.75,32.35,63.29,50.99,359.09,138.81
SEN,Headline Consumer Price Inflation,Senegal,1.71,2.11,5.86,6.34,-2.25,1.23,3.4,1.42,0.71,-1.08,0.13,0.84,1.32,0.46,1.02,2.18,9.69
SGP,Headline Consumer Price Inflation,Singapore,0.47,0.96,2.11,6.62,0.59,2.82,5.24,4.58,2.36,1.03,-0.52,-0.54,0.58,0.45,0.56,2.3,6.02
SLB,Headline Consumer Price Inflation,Solomon Islands,7.53,11.22,7.66,17.32,7.11,0.95,7.44,5.91,5.39,5.17,-0.56,0.5,0.48,2.66,1.83,-0.11,3.74
SLE,Headline Consumer Price Inflation,Sierra Leone,13.7,10.53,16.97,8.2,7.47,7.89,6.1,6.59,5.52,4.64,6.69,10.88,18.22,16.03,14.8,11.87,25.91
SLV,Headline Consumer Price Inflation,El Salvador,4.69,4.03,4.59,7.26,0.54,1.18,5.12,1.73,0.76,1.14,-0.73,0.61,1.01,1.09,0.07,3.47,7.2
SMR,Headline Consumer Price Inflation,San Marino,1.69,2.1,2.54,4.1,2.42,2.6,2,2.83,1.6,1.11,0.15,0.57,1,1.73,0.95,0.76,2.08
SRB,Headline Consumer Price Inflation,Serbia,16.25,10.73,6,12.39,8.13,6.14,11.14,7.33,7.7,2.1,1.39,1.12,3.13,1.95,1.85,4.09,11.98
STP,Headline Consumer Price Inflation,SÃÂ£o TomÃÂ© and Principe,17.15,23.08,18.55,31.99,16.96,13.34,14.32,10.64,8.11,6.99,5.26,5.43,5.69,7.87,8.36,8.14,15.05
SUR,Headline Consumer Price Inflation,Suriname,13.98,11.28,6.43,14.67,-0.3,6.95,17.68,5.01,1.92,3.38,6.9,55.5,22.02,6.94,4.39,59.11,54.26
SVK,Headline Consumer Price Inflation,Slovak Republic,2.71,4.48,2.76,4.6,1.62,0.96,3.92,3.61,1.4,-0.08,-0.33,-0.52,1.39,2.51,2.77,3.15,12.8
SVN,Headline Consumer Price Inflation,Slovenia,2.45,2.46,3.66,5.65,0.84,1.8,1.8,2.6,1.77,0.2,-0.53,-0.05,1.43,1.74,1.63,1.92,8.8
SWE,Headline Consumer Price Inflation,Sweden,0.45,1.36,2.21,3.44,-0.49,1.16,2.96,0.89,-0.04,-0.18,-0.05,0.98,1.87,1.95,1.64,2.16,8.4
SWZ,Headline Consumer Price Inflation,Swaziland,4.9,5.2,8.08,12.66,7.45,4.51,6.11,8.94,5.62,5.68,4.95,7.85,6.22,4.81,2.58,3.72,4.87
SYC,Headline Consumer Price Inflation,Seychelles,0.65,-1.86,5.32,36.97,31.75,-2.4,2.56,7.11,4.34,1.39,4.04,-1.01,2.86,3.7,1.81,9.77,2.63
TCD,Headline Consumer Price Inflation,Chad,3.33,8.07,-7.44,8.31,10.12,-2.11,1.86,7.7,0.23,1.67,6.76,-1.12,-0.9,4.27,-0.97,-0.77,5.11
TGO,Headline Consumer Price Inflation,Togo,6.78,2.23,0.95,8.69,3.71,1.45,3.56,2.58,1.83,0.19,1.78,0.86,-0.22,0.94,0.69,4.55,7.61
THA,Headline Consumer Price Inflation,Thailand,4.55,4.65,2.24,5.44,-0.84,3.27,3.8,3.01,2.19,1.89,-0.9,0.19,0.67,1.07,0.71,1.23,6.08
TJK,Headline Consumer Price Inflation,Tajikistan,7.09,9.99,13.14,20.51,7.44,6.9,12.47,5.83,5.04,6.03,5.47,6.04,7.31,3.83,7.79,8.92,7.67
TKM,Headline Consumer Price Inflation,Turkmenistan,10.71,8.16,6.26,14.54,-2.67,4.45,5.28,5.31,6.81,6.01,7.41,3.65,8.04,13.3,5.09,14.95,17.5
TON,Headline Consumer Price Inflation,Tonga,8.67,6.15,5.84,10.45,1.43,3.54,6.27,1.15,2.11,1.17,-1.05,2.58,7.37,2.91,3.29,1.41,8.52
TTO,Headline Consumer Price Inflation,Trinidad and Tobago,6.84,8.31,7.86,12.07,7.06,10.53,5.08,9.29,5.15,5.69,4.66,3.09,1.88,1.03,1,2.06,5.03
TUN,Headline Consumer Price Inflation,Tunisia,2.02,4.11,3.42,4.92,3.59,4.29,3.22,4.62,5.32,4.63,4.45,3.61,5.31,7.27,6.72,5.71,8.31
TUR,Headline Consumer Price Inflation,Turkey,8.18,9.6,8.76,10.44,6.25,8.57,6.47,8.89,7.49,8.85,7.67,7.78,11.14,16.33,15.18,19.6,72.31
TUV,Headline Consumer Price Inflation,Tuvalu,3.22,4.19,2.29,10.44,-0.28,-1.85,0.5,1.42,2.01,1.07,3.14,3.51,4.12,2.14,2.18,2.94,5.71
TZA,Headline Consumer Price Inflation,Tanzania,4.36,7.25,7.03,10.28,12.14,7.19,12.69,15.97,7.84,6.13,5.61,5.18,5.32,3.51,3.45,3.69,4.35
UGA,Headline Consumer Price Inflation,Uganda,8.61,7.22,6.09,12.03,13.01,4,18.66,14.03,5.47,4.3,3.69,5.17,5.63,2.62,2.87,2.21,7.2
UKR,Headline Consumer Price Inflation,Ukraine,13.53,9.09,12.89,25.2,15.86,9.33,7.95,0.59,-0.23,12.15,48.57,13.95,14.44,10.94,7.89,9.36,20.18
URY,Headline Consumer Price Inflation,Uruguay,4.7,6.39,8.11,7.88,7.06,6.7,8.1,8.1,8.58,8.88,8.67,9.63,6.22,7.61,7.88,7.75,9.11
USA,Headline Consumer Price Inflation,United States,3.39,3.23,2.85,3.84,-0.36,1.64,3.16,2.07,1.46,1.62,0.12,1.26,2.14,2.44,1.81,4.7,8
UZB,Headline Consumer Price Inflation,Uzbekistan,10.7,13.11,11.15,13.13,12.3,12.3,12.45,11.9,11.7,9.08,8.46,7.98,13.88,17.68,14.53,10.69,11.32
VCT,Headline Consumer Price Inflation,St. Vincent and the Grenadines,3.44,3.02,6.99,10.12,0.37,0.75,3.19,2.6,0.81,0.19,-1.73,-0.16,2.15,1.24,0.91,1.56,5.83
VEN,Headline Consumer Price Inflation,"Venezuela, RB",15.95,13.65,18.7,30.37,27.07,28.17,26.08,21.06,40.59,62.14,121.4,254.39,438.12,65374.08,19906.02,1588.51,220.84
VNM,Headline Consumer Price Inflation,Vietnam,8.28,7.4,8.31,23.11,6.73,9.2,18.67,9.07,6.58,4.09,0.64,2.68,3.52,3.54,2.8,1.83,3.16
VUT,Headline Consumer Price Inflation,Vanuatu,1.2,2.04,3.93,4.84,4.3,2.76,0.87,1.35,1.46,0.8,2.48,0.84,3.09,2.31,2.75,2.34,4.58
WSM,Headline Consumer Price Inflation,Samoa,7.82,3.23,4.48,6.27,14.64,-0.2,2.88,6.19,-0.21,-1.24,1.92,0.13,1.3,4.2,2.19,-3.01,8.75
YEM,Headline Consumer Price Inflation,"Yemen, Rep.",9.87,10.85,7.91,18.98,3.67,11.17,19.54,9.89,10.97,8.1,39.4,5,30.4,27.6,10,45.7,43.85
ZAF,Headline Consumer Price Inflation,South Africa,2.06,3.24,6.18,10.06,7.26,4.06,5.02,5.72,5.78,6.14,4.51,6.59,5.27,4.5,4.13,4.61,7
ZMB,Headline Consumer Price Inflation,Zambia,18.3,9.06,10.64,12.44,13.38,8.5,6.44,6.59,6.99,7.82,10.11,17.86,6.58,7.49,9.8,22.02,10.99
ZWE,Headline Consumer Price Inflation,Zimbabwe,-31.52,32.97,-72.73,156.96,6.22,3.05,3.47,3.72,1.63,-0.21,-2.41,-1.57,0.91,10.61,255.29,98.55,284.94
ABW,Energy Consumer Price Inflation,Aruba,6.69,7.43,5.51,13.79,-8.2,9.43,7.16,0.81,-7.46,1.57,3.8,-2.47,-3.2,0.8,1.23,1.26,5.38
ALB,Energy Consumer Price Inflation,Albania,25,5.7,7.1,3.87,1.75,3.62,2.76,0.9,0.24,1.33,-0.52,0.04,1,2.8,0.69,2.7,15.73
AUS,Energy Consumer Price Inflation,Australia,3.82,3.34,4.08,6.24,5.43,5.49,4.43,3.94,4.67,3.04,2.54,1.68,2.89,2.35,-1.21,10.93,16.93
AUT,Energy Consumer Price Inflation,Austria,5.43,4.28,4.63,2.71,1.82,2.58,3.31,3.23,2.39,1.59,1.19,0.83,1.73,2.28,0.9,12.25,40.14
BDI,Energy Consumer Price Inflation,Burundi,10.29,8.12,10.81,15.93,11.83,9.76,6.12,31.81,6.37,6.96,3.69,0.97,7.41,10.83,7.41,7.82,10.69
BEL,Energy Consumer Price Inflation,Belgium,5.32,4.67,1.48,11.58,-3.91,3.39,8.06,3.73,-0.61,-1.41,0.4,2.14,3.74,3.04,0.87,12.33,54.95
BEN,Energy Consumer Price Inflation,Benin,7.56,7,-0.38,4.88,2.69,2.19,2.06,1.65,-0.51,0.97,-0.11,-0.77,1.06,3.05,-1.43,-1.93,0.94
BFA,Energy Consumer Price Inflation,Burkina Faso,0.21,4.7,-1.33,12.06,10.73,2.96,3.82,4.11,2.79,2.84,3.05,0.66,-0.35,-0.72,1.4,1.99,3.31
BGR,Energy Consumer Price Inflation,Bulgaria,5.5,4.62,5.97,12.01,6.45,0.48,2.23,7.37,-0.59,-2.02,3.42,0.03,3.18,4.59,3.9,10.6,28.42
BHR,Energy Consumer Price Inflation,Bahrain,-0.1,0.1,2.24,2.24,2.24,-1.22,-12.4,-3.28,8.73,4.89,4.61,3.03,3.48,1.24,2.87,-1.26,-1.06
BIH,Energy Consumer Price Inflation,Bosnia and Herzegovina,9.7,13.03,2.39,8.28,4.84,2.48,3.12,2.9,0.8,-0.31,1.14,0.28,1.71,2.74,2.34,1.28,13.23
BLZ,Energy Consumer Price Inflation,Belize,4.16,4.87,1.36,3.59,-3.87,3.02,3.02,3.02,0.38,1.59,-0.11,0.56,0.76,0.81,0.19,1.76,2.87
BOL,Energy Consumer Price Inflation,Bolivia,3.6,2.57,3.8,5.38,2.5,2.58,5.45,5.01,4.39,5.82,5.01,3.66,4.8,2.59,0.48,0.23,0.7
BRA,Energy Consumer Price Inflation,Brazil,6.54,4.63,2.09,3.3,5.88,4.85,6.29,6.75,3.36,7.79,16.76,7.22,4.23,5.83,4.78,9.58,7.98
BWA,Energy Consumer Price Inflation,Botswana,17.5,4.89,4.72,13.5,-1.5,12.7,8.47,7.67,4.32,3.9,7.08,8.42,9.52,4.05,2.05,6.41,8.3
CAN,Energy Consumer Price Inflation,Canada,6.5,5.1,2.3,7,-7.1,6.64,12.25,1.69,1.5,3.53,-9.57,1.43,1.56,6.7,-2.2,18.85,24.19
CHE,Energy Consumer Price Inflation,Switzerland,2.97,2.75,2.13,4.87,-1.15,2.44,2.4,0.83,0.12,1.04,-0.64,-0.06,1.21,1.35,-0.62,8.58,22.99
CHL,Energy Consumer Price Inflation,Chile,3.72,4.68,7.12,14.44,0.79,1.21,6.84,0.32,2.61,6.28,5.16,5.47,3.62,4.29,2.23,9.01,20.88
CHN,Energy Consumer Price Inflation,China,5.42,4.73,4.38,5.6,-3.5,4.35,5.48,2.1,2.88,2.1,0.65,1.27,2.63,2.26,1.3,1.9,3.1
CIV,Energy Consumer Price Inflation,CÃÂ´te d'Ivoire,8.54,1.7,-0.45,4.48,-1.14,2.4,1.87,1.98,2.07,1.65,1.47,0.21,1.29,2.14,0.01,4,5.57
COL,Energy Consumer Price Inflation,Colombia,4.28,3.95,4.39,5.79,5.46,3.72,3.51,3.63,2.81,3.25,4.06,5.93,4.54,4.02,5.7,5.13,14.74
CPV,Energy Consumer Price Inflation,Cabo Verde,4.33,11.97,9.41,5.51,0.02,2.72,6.41,5.49,4.99,-0.24,-6.02,-8.26,1.65,2.38,0.3,1.87,3.96
CRI,Energy Consumer Price Inflation,Costa Rica,11.94,11.42,9.1,13.91,16.59,8.64,3.96,7.07,16.74,2.87,-2.16,1.15,1.23,4.34,-1.01,7.07,18.8
CYP,Energy Consumer Price Inflation,Cyprus,12.9,8.9,2,13.9,-15.7,19.6,18.1,14.1,-0.4,-3.2,-14.8,-9.5,8.4,7.8,-2,14.3,33.21
CZE,Energy Consumer Price Inflation,Czech Republic,4.18,6.19,3.42,10.28,7.25,1.65,2.8,4.96,1.76,-1.39,1.04,0.6,1.65,2.96,5.06,1.39,31.57
DEU,Energy Consumer Price Inflation,Germany,2.82,2.94,1.92,3.42,0.42,0.99,3.08,2.23,1.97,0.85,-0.41,0,1.24,1.75,1.32,10.71,35.93
DNK,Energy Consumer Price Inflation,Denmark,3.17,2.9,2.13,4.04,1.95,3.73,3.84,2.6,1.98,1.5,0.05,0.81,1.23,1.18,-0.29,11.54,42.62
DOM,Energy Consumer Price Inflation,Dominican Republic,9.79,11.82,3.6,5.44,8.03,10.72,13.79,1.98,2.78,2.94,-4.48,2,5.32,3.9,-2.25,6.47,11.07
ECU,Energy Consumer Price Inflation,Ecuador,3.39,4.8,2.32,4.51,2.16,2.53,2.16,2.56,2.2,3.71,5.53,3.46,2.03,1.43,0.81,0.02,1.58
ESP,Energy Consumer Price Inflation,Spain,5.32,6.52,3.66,6.64,1.29,3.53,7.23,5.06,0.91,1.34,-2.1,-4.24,3.93,2.37,-1.24,21.24,32.78
EST,Energy Consumer Price Inflation,Estonia,6.98,10.36,14.58,15.81,1.02,2.94,5.86,8.99,8.83,-1.43,-1.46,-1.72,2.15,6.29,1.91,18.44,68.17
ETH,Energy Consumer Price Inflation,Ethiopia,12.76,16.54,13.74,22.05,15.01,18,20.81,16.73,11.47,11.06,8.74,12.35,12.77,17.04,10.95,15.89,19.34
FIN,Energy Consumer Price Inflation,Finland,5.4,6.5,3.8,17.5,-3.1,10.65,6.31,1.72,0.34,1.21,0.82,0.55,1.3,1.55,2.99,9.62,30.92
FJI,Energy Consumer Price Inflation,Fiji,14.3,6.6,-0.9,12.2,-5.3,5.2,20.87,1.64,0.75,0.15,-4.47,-5.03,1.99,2.07,-0.19,3.01,5.35
FRA,Energy Consumer Price Inflation,France,4.75,4.66,2.97,4.74,-0.11,3.3,4.45,3.4,2.43,1.76,0.41,-0.11,1.6,2.38,1.74,10.46,24.49
GBR,Energy Consumer Price Inflation,United Kingdom,3.29,4.67,3.41,4.7,2.18,-0.36,2.71,2.72,2.35,2,1.25,1.68,2.04,1.86,2.08,9.11,46.18
GEO,Energy Consumer Price Inflation,Georgia,2.7,26.5,13.7,10,1.72,7.11,2.58,0.77,-0.92,4.17,3.87,3.49,1.62,4.25,1.62,6.95,18.57
GHA,Energy Consumer Price Inflation,Ghana,23.96,20.02,16.08,17.8,4.57,10.26,10.61,7.88,20.54,46.97,25.48,30.67,7.1,4.31,9.98,20.02,43.29
GIN,Energy Consumer Price Inflation,Guinea,25.16,22.47,33.86,15.56,8.85,9.54,9.95,12.73,15.09,7.16,8.41,6.02,3.85,6.67,3.85,5.93,2.94
GRC,Energy Consumer Price Inflation,Greece,8.88,6.49,3.06,8.61,-2.68,6.93,8.91,7.87,5.54,-2.29,-6.47,-3.18,2.17,0.07,-0.48,12.31,42.89
GTM,Energy Consumer Price Inflation,Guatemala,6.6,6.8,4.4,10.6,-2.23,6.59,5.32,0.3,4.23,1.94,-6.28,2.44,2.14,2.38,1.4,4.82,4.72
HND,Energy Consumer Price Inflation,Honduras,8.09,6.55,5.9,9.23,6.86,8.99,8.35,5.19,5.28,4.92,2.23,2.1,5.53,4.37,6.55,3.3,4.81
HRV,Energy Consumer Price Inflation,Croatia,7,4.2,0.8,8,-2.8,9.9,7,10.8,1.8,0.7,-5.9,-5.7,-0.1,5.6,0.9,8.8,19.6
HUN,Energy Consumer Price Inflation,Hungary,6.2,6.4,24.6,9.37,7.64,5.51,4.61,5.78,-5.36,-8.41,-1.19,0.55,1.12,1.83,0.54,11.24,12.92
IDN,Energy Consumer Price Inflation,Indonesia,9.09,10.63,4.95,8.57,5.03,2.96,4.18,3.36,4.89,5.91,6.31,1.79,4.99,2.65,2.28,0.37,2.5
IRL,Energy Consumer Price Inflation,Ireland,10.42,16.03,20.34,9.67,-21.94,1.29,9.74,0.6,0.67,-0.03,1.6,-0.48,2.03,5.1,1.09,12.29,41.7
IRN,Energy Consumer Price Inflation,"Iran, Islamic Rep.",6,13.25,21.19,28.17,17.02,5.84,16.72,13.58,19.27,18.53,16.01,7.89,6.42,12.9,24.12,26.86,29.53
ISL,Energy Consumer Price Inflation,Iceland,14.98,11.96,11.55,12.87,0.57,-0.5,6.16,5.16,3.9,5.83,6.01,6.64,11.92,6.48,2.76,7.38,17.53
ISR,Energy Consumer Price Inflation,Israel,-1.02,1.19,-2.17,3.29,12.53,5.02,5.87,3.71,2.98,2.49,2.31,2.19,1.77,2.07,-0.45,5.41,10.45
ITA,Energy Consumer Price Inflation,Italy,4.9,5.7,2.58,6.45,-0.12,1.21,5.18,7.03,2.08,0.02,-0.81,-1.64,1.76,2.56,0.48,14.08,48.83
JAM,Energy Consumer Price Inflation,Jamaica,20.42,13.34,9.04,28.68,2.81,20.67,12.24,5.85,8.29,6.47,-9.1,-1.38,11.1,6.31,1.3,5.31,8.18
JOR,Energy Consumer Price Inflation,Jordan,2.12,6.03,2,14.97,-2.94,4.59,3.86,3.43,6.83,4.75,0.57,1.16,2.8,3.53,1.55,1.56,5.53
JPN,Energy Consumer Price Inflation,Japan,-0.08,-0.02,-0.14,0.13,-0.18,-0.35,-0.22,-0.34,-0.4,0.02,0.04,-0.13,-0.16,-0.12,1.37,3.96,17.31
KAZ,Energy Consumer Price Inflation,Kazakhstan,7.46,9.83,13.82,15.29,8.4,10.58,7.11,5.73,8.57,4.91,4.08,11.59,0.75,0.57,1.32,6.5,11.53
KEN,Energy Consumer Price Inflation,Kenya,23.7,11.7,11.45,11.45,11.45,11.45,11.45,9.28,4.55,5.59,3.19,1.65,3.12,12.76,4.59,4.77,5.95
KGZ,Energy Consumer Price Inflation,Kyrgyz Republic,8.54,7.33,13.14,27.36,19.15,13.25,1.55,6.25,1.9,3.35,16.26,5.05,-1.68,2.26,0.44,5.36,6.86
KHM,Energy Consumer Price Inflation,Cambodia,10.1,12,8.3,20,14.61,2.84,3.74,2.27,0.64,2.78,-3.5,-1.24,-0.15,1.33,1.28,2.95,7.05
KOR,Energy Consumer Price Inflation,"Korea, Rep.",1.89,2.86,2.24,4.36,1.13,2.38,4.51,4.59,3.53,2.86,-0.64,-0.81,1.7,0.7,-2.6,1.64,5.31
LCA,Energy Consumer Price Inflation,St. Lucia,7.7,5.1,1.48,5.98,-4.58,6.31,2.25,1.26,-4.17,5.03,6.57,-3.23,7,9.14,-1.94,6.83,15.45
LSO,Energy Consumer Price Inflation,Lesotho,7.6,8.37,8.07,14.73,-0.26,3.34,11.51,8.35,10.58,7.71,-6.87,0.35,6.28,8.81,8,6.87,16.55
LTU,Energy Consumer Price Inflation,Lithuania,4.97,6.86,11.5,19.24,11.43,4.73,8.27,6.19,0.57,-0.85,-4.76,-2.03,1.12,4.05,0.13,14.33,57.35
LUX,Energy Consumer Price Inflation,Luxembourg,6.86,5.85,3.36,7.89,-2.67,4.7,6.91,3.71,0.6,-1.01,-0.91,-1.57,1.67,3.18,1.61,18.82,33.02
LVA,Energy Consumer Price Inflation,Latvia,5.78,13.8,16.35,29.37,8.23,-2.26,7.61,6.82,-0.05,0.98,3.56,-2.94,2.04,4.13,3.07,10.5,48.62
MDV,Energy Consumer Price Inflation,Maldives,6.2,9,2.91,2.91,2.91,2.91,2.91,3.59,3.57,3.07,1.03,0.3,-0.94,-0.16,2.21,1.11,1.87
MEX,Energy Consumer Price Inflation,Mexico,3.93,4.47,3.02,4.89,2.45,3.2,2.19,2.51,2.8,2.9,1.87,1.72,3.91,3.91,2.43,13.71,5.49
MKD,Energy Consumer Price Inflation,"Macedonia, FYR",0.82,2.77,5.99,6.67,5.12,7,4.99,9.23,1,-0.17,1.06,-0.57,-0.28,0.01,-0.14,2.74,11.95
MLI,Energy Consumer Price Inflation,Mali,-2.37,2.41,2.02,5.25,0.21,-1.89,2.96,2,3.82,3.13,1.65,1.78,-0.61,2.67,4.23,-0.98,5.34
MMR,Energy Consumer Price Inflation,Myanmar,9.1,31.4,32.9,14.3,3.7,3.7,8.1,6.5,5.2,4.61,7.91,5.51,5.02,7.82,18.84,3.51,11.24
MNG,Energy Consumer Price Inflation,Mongolia,8.7,8.7,9.1,21.43,9.21,7.97,13.07,12.36,7.51,12.55,10.67,1.95,4.9,13.03,8.7,2.35,14.52
MOZ,Energy Consumer Price Inflation,Mozambique,12.5,12.5,12.5,15.01,-7.41,10.75,8.97,4.32,4.77,3.35,0.87,4.73,15.63,5.49,2.41,5.46,6.79
MRT,Energy Consumer Price Inflation,Mauritania,9.31,7.7,8.45,7.85,-2.89,4.12,4.06,3.37,3.86,1.7,3.96,-0.13,-0.68,0.51,-0.13,2.32,2.42
MUS,Energy Consumer Price Inflation,Mauritius,3.46,11.54,4.93,6.8,-3.21,-0.29,2.29,4.82,0.52,0.74,-0.05,-3.1,-2.21,-1.78,-0.39,-2.95,4
MYS,Energy Consumer Price Inflation,Malaysia,1.4,1.54,1.31,1.52,1.41,1.15,1.78,1.58,1.77,3.39,2.45,2.44,2.2,1.99,1.87,1.57,1.95
NAM,Energy Consumer Price Inflation,Namibia,1.86,2.06,2.13,-4.59,14.76,8.71,7.69,5.86,5.16,3.27,2.63,7.69,9.18,3.52,2.07,1.26,1.72
NGA,Energy Consumer Price Inflation,Nigeria,12.07,16.87,9.94,6.13,8.29,10.08,15.57,17.75,9.6,5.83,7.2,21.91,12.86,7.4,7.35,10.22,14.16
NIC,Energy Consumer Price Inflation,Nicaragua,7.74,12.14,8.34,15.43,-2.35,4.54,8.16,4.41,5.53,6.93,-0.62,3.82,9.14,7.12,5.18,2.21,6.8
NLD,Energy Consumer Price Inflation,Netherlands,4.62,3.88,2.6,2.11,1.8,-0.04,2.51,2.8,3.02,2.87,1.83,0.6,1.56,2.94,7.57,17.26,75.64
NOR,Energy Consumer Price Inflation,Norway,1.71,6.12,-0.87,6.83,1.81,5.22,0.93,-1.87,5.29,1.29,1.3,4.48,3.01,5.01,0.13,44.52,29.15
NZL,Energy Consumer Price Inflation,New Zealand,5.54,5.06,5.21,4.68,2.53,2.43,3.61,2.77,3.04,3.38,2.78,3.18,3.13,3.06,0.86,8.55,16.83
PAK,Energy Consumer Price Inflation,Pakistan,5.8,11.5,4.9,16.6,18,10.63,8.35,6.56,5.34,8.36,5.21,4.97,5.04,6.21,8.49,10.04,12.19
PAN,Energy Consumer Price Inflation,Panama,5.3,5.1,4.52,6.25,-7.34,2.58,1.76,3.3,4.11,1.53,-1.17,-0.98,1.92,0.64,-0.29,-3.75,1.93
PHL,Energy Consumer Price Inflation,Philippines,7.53,5.96,2.3,4.65,1.67,5.17,5.08,4.12,1.75,2.55,-1.15,0.38,2.74,3.97,2.4,2.57,6.31
POL,Energy Consumer Price Inflation,Poland,4,4.55,3.89,9.04,8.52,3.75,6.08,5.81,1.96,1.56,0.7,-0.61,1.8,2.06,-0.38,12.14,30.26
PRT,Energy Consumer Price Inflation,Portugal,4.37,3.86,3.64,3.95,2.06,4.43,6.66,8.71,2.15,2.22,0.23,0.39,0.6,2.19,-1.77,7.28,23.85
PRY,Energy Consumer Price Inflation,Paraguay,4.27,5.15,2.87,7.8,1.82,5.33,7.72,9.7,4.94,4.69,3.02,2.49,2.38,3.01,2.94,2.44,3.95
QAT,Energy Consumer Price Inflation,Qatar,26.52,25.76,29.17,19.71,-11.98,-12.76,-3.75,-2.65,6.1,7.81,2.87,4.03,-3.04,-3.9,-2.98,-5.08,5.25
ROU,Energy Consumer Price Inflation,Romania,17.6,11.9,5.9,9.9,4,7.6,9.3,6.9,4.1,2.3,-2.7,-4.4,0.4,12.2,2.7,15.2,32.83
RUS,Energy Consumer Price Inflation,Russian Federation,18,16.7,11.6,13.7,19.62,13.54,10.92,5.03,9.07,7.74,10.93,7.03,4.76,3.98,4.67,5.4,6.66
RWA,Energy Consumer Price Inflation,Rwanda,17.99,17.68,17.3,18.24,6.7,1.01,3.66,4.79,0.93,0.94,3.99,2.39,1.95,10.97,2.63,3.24,10.77
SEN,Energy Consumer Price Inflation,Senegal,0.2,3.54,10,2.11,-0.15,2.12,3.15,0.23,-0.3,-4.77,-2.67,-1.82,-1.41,0.32,0.48,2.53,2.3
SGP,Energy Consumer Price Inflation,Singapore,1.26,3.31,0.24,14.99,2.01,2.24,8.98,8.41,2.83,0.12,-3.54,-4.07,-2.54,-1.34,-0.99,1.39,5.18
SLV,Energy Consumer Price Inflation,El Salvador,5.1,8.8,5,-1.7,6.99,6.97,13.86,3.63,0.11,1.62,-2.66,9.3,4.9,3.27,-0.67,5.78,2.87
SUR,Energy Consumer Price Inflation,Suriname,7.84,11.45,5.97,7.22,6.6,0.1,4.96,4.04,0.34,-0.6,-1.01,-1.41,-1.43,2.04,4.22,55.8,135.08
SVK,Energy Consumer Price Inflation,Slovak Republic,9.07,5.3,2.67,9.65,-0.29,10.13,5.56,3.8,3.1,0.13,-1.25,-0.97,2.55,4.01,1.2,0.06,18.95
SVN,Energy Consumer Price Inflation,Slovenia,0.35,3.5,4.03,6.86,-5.36,-0.15,8.72,1.37,-0.78,-0.86,-2.55,0.85,2.48,3.72,3.11,11.08,23.79
SYC,Energy Consumer Price Inflation,Seychelles,1.7,1,5.5,33.3,31.9,9.1,4.22,5.96,6.76,1.1,-1.93,-8.25,12.1,9.71,6.11,11.9,8.69
TCD,Energy Consumer Price Inflation,Chad,1.14,1.02,-0.76,4.62,1.46,1.39,5.78,6,1.99,2.83,1.15,0.46,0.43,-0.83,0.82,-1.83,-1.97
TGO,Energy Consumer Price Inflation,Togo,2.5,6.8,-0.5,-16,-9,9.7,3.6,2.73,1.88,1.41,0.59,-1,0.17,1.03,0.42,0.6,12.1
TON,Energy Consumer Price Inflation,Tonga,2.5,2.88,4.26,5.52,4.51,0.37,1.29,2.35,0.15,0.68,0.89,-0.29,0.04,2.41,0.95,5.98,26.01
TTO,Energy Consumer Price Inflation,Trinidad and Tobago,9,5.65,3.96,6.17,2.81,3.32,3.13,2.89,3.93,5.37,5.01,4.91,5.33,4.8,4.8,0,0
TUN,Energy Consumer Price Inflation,Tunisia,10.66,12.66,11.21,19.64,8.82,6.29,5.78,11.46,7.17,5.69,7.62,6.56,8.03,15.79,13.6,4.97,5.8
TUR,Energy Consumer Price Inflation,Turkey,12.7,8.5,6.2,10.7,-1.6,9.2,16.85,16.32,14.2,10.67,1.32,6.61,7.57,11.97,7.92,17.72,67.62
TZA,Energy Consumer Price Inflation,Tanzania,7.37,8.71,16.66,9.94,6.66,5.15,15.88,20.74,4.97,2.85,5.29,3.82,4.91,5.79,2.92,4.13,3.66
UGA,Energy Consumer Price Inflation,Uganda,14.59,34.08,42.42,14.2,25.49,9.44,17.07,2.58,0.25,16.18,115.83,35.05,26.73,6.83,7.96,-0.79,4.12
UKR,Energy Consumer Price Inflation,Ukraine,6.14,8.13,8.86,11.16,10.7,8.85,10.32,9.24,10.7,9.03,8.11,9.2,8.58,6.06,5.91,23.16,5.01
URY,Energy Consumer Price Inflation,Uruguay,3.26,3.8,3.16,3.18,0.37,-0.37,1.32,1.65,2.08,2.58,2.08,2.48,2.97,2.89,-2.11,7.95,7.09
VEN,Energy Consumer Price Inflation,"Venezuela, RB",7.24,6.8,6.55,8.75,12.08,13.68,12.14,9.83,12.1,16.37,22.12,2.5,109.58,94802.37,17687.47,1137.51,164.09
VNM,Energy Consumer Price Inflation,Vietnam,7,9.01,11.09,20.54,3.82,17.02,19.72,10.51,4.7,3.74,-1.62,2.4,4.29,3.31,3.04,1.76,2.45
ZAF,Energy Consumer Price Inflation,South Africa,0.6,4.4,11.15,12.18,7.91,6.69,6.63,6.19,5.6,5.77,5.99,6.05,5.18,4.89,5.21,14.31,24.37
AGO,Food Consumer Price Inflation,Angola,21.36,17.25,14.11,18.5,18.14,17.42,14.95,12.77,10.35,7.03,9.3,21.24,40.99,22.35,17.71,23.9,24.7
ALB,Food Consumer Price Inflation,Albania,-0.5,1,2.99,5.23,4.91,4.81,4.75,2.34,4.24,2.2,4.32,3.25,3.91,2.67,2.91,3.9,11.42
ARM,Food Consumer Price Inflation,Armenia,0.8,4.1,6.7,11.1,-0.9,9.4,12.3,1.99,5.81,0.51,27.85,-22.03,3.99,2.34,1.87,11.21,13.31
AUS,Food Consumer Price Inflation,Australia,2.38,7.79,2.33,4.67,3.73,1.55,4.83,-1.63,0.8,2.54,0.92,0.82,0.71,0.97,4.48,7.91,7.03
AUT,Food Consumer Price Inflation,Austria,1.24,1.88,4.21,6.29,0.2,0.48,4.24,3.19,3.47,1.94,0.83,0.73,2.37,1.52,1.02,0.78,10.23
AZE,Food Consumer Price Inflation,Azerbaijan,10.9,12,16.3,28.5,-1.5,7.24,10.44,0.84,2.32,0.9,6.07,14.75,16.52,1.78,3.69,8.16,20.07
BDI,Food Consumer Price Inflation,Burundi,17.82,0.53,8.9,34.22,11.07,6.2,9.15,13.69,9.5,2.3,5.79,7.18,23.96,-10.99,-2.83,10.39,21.09
BEL,Food Consumer Price Inflation,Belgium,1.77,2.56,3.91,6.08,0.85,1.66,2.72,3.1,3.42,-0.38,1.2,2.24,1.26,2.16,4.46,-0.39,8.21
BEN,Food Consumer Price Inflation,Benin,9.2,-0.5,-1.1,18,5.6,5.6,5.66,4.69,2.56,-0.77,0.41,-0.46,-0.05,2.05,-2.79,5.92,-0.7
BFA,Food Consumer Price Inflation,Burkina Faso,14.6,-0.2,-1.7,23.3,2.6,1.46,6.14,5.37,-0.35,-3.18,2.41,0.96,0.43,3.37,-6.43,6.82,24.97
BGD,Food Consumer Price Inflation,Bangladesh,8,7.6,10.5,11,5.5,10.1,12.38,3.38,7.93,7.91,6.05,4.51,7.17,6.21,5.56,5.3,7.66
BGR,Food Consumer Price Inflation,Bulgaria,4.03,5.43,13.45,16.71,-0.63,-0.38,6.93,3,2.79,-0.98,0.33,-0.23,3.99,2.2,5.19,2.77,21.28
BHR,Food Consumer Price Inflation,Bahrain,3,2,4.5,10.9,9,4.86,2,3.98,2.41,2.87,2.42,1.29,1.01,2.12,2.38,-0.08,10.04
BIH,Food Consumer Price Inflation,Bosnia and Herzegovina,2.81,8.26,2.88,11.63,0.02,-0.06,5.99,1.77,0.04,-2.7,-0.9,-1.05,0.98,0.42,1.09,3.54,20.78
BLR,Food Consumer Price Inflation,Belarus,11.9,6.1,9.8,17.7,14,9.06,62.22,67.97,18.8,18.66,12.21,10.59,7.02,4.06,6.36,9.62,17.22
BLZ,Food Consumer Price Inflation,Belize,3.52,3.37,5.75,13.91,1.18,-4.03,0.42,2.38,1.47,0.79,-0.38,0.07,-1.12,-0.53,0.64,4.8,6.2
BOL,Food Consumer Price Inflation,Bolivia,5.8,5.85,14.58,25.61,1.28,2.95,13.94,3.92,8.85,8.12,4.61,5.51,3.35,2.54,3.36,0.61,1.64
BRA,Food Consumer Price Inflation,Brazil,3.08,0.02,6.78,13.05,5.8,6.1,8.85,8.13,11.16,7.52,9.8,12.49,0.89,0.87,4.86,12.72,11.79
BRN,Food Consumer Price Inflation,Brunei Darussalam,0.5,0.3,2.2,5,1,1,0.01,0.01,0.09,-0.23,0.82,-0.94,0.48,1.69,-0.03,2.38,4.97
BWA,Food Consumer Price Inflation,Botswana,5.4,12.49,11.39,20.19,14.28,3.68,6.88,7.92,5.4,3.01,1.34,2.66,3.43,-0.5,1.39,7.14,9.04
CAN,Food Consumer Price Inflation,Canada,2.29,2.27,2.63,3.93,5.48,0.95,4.24,2.35,1.09,2.51,4.1,1.02,-1.01,0.81,3.68,2.2,9.63
CHE,Food Consumer Price Inflation,Switzerland,-0.71,-0.04,0.52,3.1,-0.19,-1.11,-3.25,-0.98,1.22,0.92,-0.8,0.39,0.42,1.26,0.11,-1.59,1.45
CHL,Food Consumer Price Inflation,Chile,2.9,2.69,9.62,17.08,4.71,2.2,6.69,7.63,4.43,6.98,7.12,3.82,2.01,3.06,2.38,5.41,16.99
CHN,Food Consumer Price Inflation,China,2.82,2.48,12.36,14.42,0.71,7.34,11.89,4.93,4.7,3.07,2.45,4.48,-1.35,1.84,9.35,-1.7,2.61
CIV,Food Consumer Price Inflation,CÃÂ´te d'Ivoire,2.45,3,5.4,11.6,3.38,5.79,10.44,-0.3,1.95,-2.11,2.05,3.04,0.34,-0.49,1.04,7.68,9.08
CMR,Food Consumer Price Inflation,Cameroon,1.1,6.9,1,9.2,5.98,1.23,4.81,3.43,3.23,0.77,2.02,1.08,0.04,1.22,2.88,4.25,11.88
COL,Food Consumer Price Inflation,Colombia,6.37,5.58,8.42,12.4,3.58,0.21,4.57,3.42,0.41,2.97,8.63,13.11,0.69,0.83,4.89,9.73,24.63
CPV,Food Consumer Price Inflation,Cabo Verde,-0.08,6.47,5.03,9.08,2.08,2.2,5.21,2.64,0.73,-1.17,1.45,0.14,-0.18,0.45,1.39,0.56,12.7
CRI,Food Consumer Price Inflation,Costa Rica,17.8,11.6,15.1,23.89,8.17,4.64,5.6,3.53,3.83,4.27,3.19,-0.81,1.68,1.63,0.8,2.24,3.2
CYP,Food Consumer Price Inflation,Cyprus,1.6,4.8,5.56,7.59,3.69,0.24,4.08,0.82,0.21,-1.46,-0.31,-0.26,-0.29,0.73,0.45,-0.38,7.77
CZE,Food Consumer Price Inflation,Czech Republic,-0.25,0.86,4.74,8.11,-3.97,1.47,4.63,6.91,4.91,2.02,-1.1,-0.93,5.18,1.31,2.82,0.8,15.89
DEU,Food Consumer Price Inflation,Germany,0.03,2.03,3.81,6.07,-1.3,1.25,2.77,3.38,3.89,1.01,0.6,0.81,2.76,2.28,1.2,3.16,12.09
DNK,Food Consumer Price Inflation,Denmark,0.65,2.72,4.46,7.57,-0.09,0.37,3.96,4.29,0.43,-0.87,1.04,0.1,2.81,0.04,1.39,0.58,11.16
DOM,Food Consumer Price Inflation,Dominican Republic,-2.8,3.27,4.2,15.8,3.26,4.17,9.14,5,4.65,3.91,6.74,2.15,2.31,3.61,3.75,9.87,11.18
DZA,Food Consumer Price Inflation,Algeria,0.2,4.22,6.36,7.5,8.23,4.24,5.9,12.96,2.98,4.54,3.6,2.62,5.61,1.74,0.64,10.13,13.72
ECU,Food Consumer Price Inflation,Ecuador,2.7,5.68,3.25,16.84,5.89,4.83,6.73,5.81,1.78,4.52,4.21,2.54,0.5,-1.63,0.04,-0.85,4.93
EGY,Food Consumer Price Inflation,"Egypt, Arab Rep.",5.05,10.15,12.96,23.97,16.03,19.87,15.49,9.21,12.42,12.29,10.67,16.66,38.66,13.3,7.08,4.6,22.19
ESP,Food Consumer Price Inflation,Spain,3.16,4.11,3.69,5.88,-1.05,-0.84,2.05,2.33,2.79,-0.35,1.17,1.4,1.23,1.65,1.03,1.85,11.24
EST,Food Consumer Price Inflation,Estonia,3.53,5.06,9.33,14.18,-4.01,3.03,9.66,3.85,4.14,0.02,-0.54,0.04,5.71,3.06,2.99,1.84,18.92
ETH,Food Consumer Price Inflation,Ethiopia,12.84,13.61,21.96,60.01,3.3,1.51,39.17,28.1,5.79,5.39,12.14,6.52,11.36,12.52,18.94,31.78,38.23
FIN,Food Consumer Price Inflation,Finland,0.31,1.39,2.08,8.57,2,-3.58,6.28,5.16,5.36,0.14,-1.87,-1.14,-0.91,1.91,1.21,0.57,9.99
FJI,Food Consumer Price Inflation,Fiji,1.7,1.8,9.7,11.5,6.7,4.1,10.58,4.32,3.53,1.92,4.77,5.99,-2.15,1.08,4.88,6.5,5.35
FRA,Food Consumer Price Inflation,France,0.16,1.67,1.45,5.06,0.08,0.78,1.99,2.89,1.15,-0.84,0.4,0.55,1.09,1.97,2.45,0.62,6.76
GAB,Food Consumer Price Inflation,Gabon,0.2,0.9,2.3,7.8,3.7,4.4,4.03,5.68,-0.42,3,2.83,-0.09,-0.72,1.85,3.1,1.35,5.25
GBR,Food Consumer Price Inflation,United Kingdom,1.52,2.4,4.51,9.16,5.47,3.42,5.5,3.25,3.73,-0.19,-2.58,-2.38,2.25,2.08,10.93,0.3,10.35
GEO,Food Consumer Price Inflation,Georgia,13.1,11.7,9.8,12.92,4.22,1.75,16.04,-4.49,-0.71,5.13,4.16,1.65,6.77,2.32,8.16,10.81,18.17
GHA,Food Consumer Price Inflation,Ghana,15.6,9.2,12.2,15.2,15.7,6.1,6.7,6.75,7.28,6.8,7.48,8.66,7.27,7.82,7.86,10.31,29
GIN,Food Consumer Price Inflation,Guinea,37,42.5,28.5,20.6,7.1,20.4,27.36,15.63,12.65,10.56,11.52,11.49,13.59,13.36,11.36,15.78,13.24
GRC,Food Consumer Price Inflation,Greece,0.61,3.74,3.24,5.36,1.91,0.06,3.11,1.51,0,-1.68,1.8,-0.22,0.32,0.4,-4.7,1.36,11.41
GTM,Food Consumer Price Inflation,Guatemala,13.21,7.14,9.89,15.11,2.02,3.45,10.66,7.18,8.38,7.46,9.32,9.94,8.9,7.23,7.82,4.79,8.62
HKG,Food Consumer Price Inflation,Hong Kong SAR,1.76,1.74,4.28,10.14,1.32,2.32,7.01,5.81,4.41,4.14,3.91,3.38,2.18,3.35,4.86,1.41,4.63
HND,Food Consumer Price Inflation,Honduras,10.05,4.24,9.55,17.18,3.58,1.83,6.15,3.01,5.06,6.72,3.25,0.97,1.58,3.52,2.17,2.9,13.1
HRV,Food Consumer Price Inflation,Croatia,4.57,2.52,3.33,9.99,1.62,-1.53,3.54,3.71,3.72,-2.19,0.39,-0.47,2.91,0.99,-0.12,1.62,15.03
HUN,Food Consumer Price Inflation,Hungary,2.45,7.72,11.46,10.1,4.37,3.12,6.63,5.9,2.75,-0.36,0.86,0.65,2.74,4.15,5.11,3.45,25.72
IND,Food Consumer Price Inflation,India,1.9,10.3,10.3,10.1,11.1,10.3,8.6,9.26,12.86,7.09,5.26,5.34,1.82,1.67,3.58,3.69,7.25
IRL,Food Consumer Price Inflation,Ireland,-0.7,1.39,2.8,6.54,-3.47,-4.56,1.15,0.57,1.06,-2.24,-2.14,-1.33,-2.07,-2.03,-0.67,-0.25,6.45
IRN,Food Consumer Price Inflation,"Iran, Islamic Rep.",13,10.3,20.65,31.02,11.87,12.42,26.07,37.99,50.08,13.75,10.52,6.57,12.52,23.13,55.71,59.22,58.62
ISL,Food Consumer Price Inflation,Iceland,-2.57,7.97,-1.06,15.99,17.53,4.24,3.83,6.09,5.09,0.51,2.84,1.32,-2.42,2.49,3.8,3.51,6.97
ISR,Food Consumer Price Inflation,Israel,1.66,5.1,4.1,12.27,1.07,2.45,3.34,0.53,5.21,-1.35,0.04,-1.27,0.04,0.92,2.08,0.99,4.35
ITA,Food Consumer Price Inflation,Italy,-0.07,1.71,2.9,5.39,1.8,0.2,2.47,2.52,2.37,0.13,1.1,0.17,1.88,1.22,0.77,0.58,8.75
JAM,Food Consumer Price Inflation,Jamaica,19.35,6.29,11.91,30.67,13.05,10.1,7.69,10.82,12.5,8.62,7.77,3.98,4.46,4.08,6.33,6.72,12.59
JOR,Food Consumer Price Inflation,Jordan,5.1,7.4,9.53,19.79,1.7,4.53,4.22,4.56,4.23,0.32,1.12,-3.48,-0.41,3.23,0.28,0.1,3.68
JPN,Food Consumer Price Inflation,Japan,-0.94,0.5,0.33,2.6,0.21,-0.35,-0.4,0.09,-0.12,3.82,3.08,1.69,0.72,1.41,0.22,-0.05,4.66
KAZ,Food Consumer Price Inflation,Kazakhstan,8.1,8.7,12.2,23.4,13.87,9.01,7.83,4.34,4.14,6.65,6.56,12.79,8.58,4.73,8.09,10.77,18.47
KEN,Food Consumer Price Inflation,Kenya,14.6,27.9,10.9,35.1,27.81,18.89,20.51,9.98,7.26,8.71,11.39,10.08,13.37,1.55,7.96,8.45,12.8
KGZ,Food Consumer Price Inflation,Kyrgyz Republic,5.3,8.8,1.84,-0.78,-2.21,2.68,-1.68,0.06,-0.22,0.95,-1.44,-0.07,2.46,-2.16,1.41,17.97,14.36
KHM,Food Consumer Price Inflation,Cambodia,8.4,6.5,10,33,1.7,2.3,6.14,3.51,3.88,4.89,4.02,5.6,3.39,2.46,2.07,2.75,5.25
KOR,Food Consumer Price Inflation,"Korea, Rep.",3.11,0.53,2.5,4.95,7.58,6.41,8.14,3.96,0.86,0.29,1.65,2.31,3.4,2.77,0.05,5.89,5.97
KWT,Food Consumer Price Inflation,Kuwait,8.5,3.9,4.7,11.7,3.2,8.4,7.54,4.78,4.01,2.9,3.39,1.71,0.16,0.05,1.08,9.48,7.84
LCA,Food Consumer Price Inflation,St. Lucia,7.1,3.3,6.39,7.91,3.13,-0.18,2.73,6.51,5.06,2.09,0.23,-3.22,-1.45,3.66,2.17,-0.05,3.44
LSO,Food Consumer Price Inflation,Lesotho,2.6,8.98,14.15,15.68,8.5,3.5,6.97,9.86,5.38,5.31,6.14,11.84,6.43,4.44,6.83,9.64,8.56
LTU,Food Consumer Price Inflation,Lithuania,3.92,6.09,11.26,15.93,1.64,-0.45,8.25,3.05,1.67,0.77,-0.86,1.23,3.56,1.44,2.93,2.77,25.4
LUX,Food Consumer Price Inflation,Luxembourg,1.64,2.37,3.36,5.37,1.43,0.87,2.56,2.57,3.65,0.56,0.77,1.53,2.82,2.21,1.4,0.9,6.64
LVA,Food Consumer Price Inflation,Latvia,9.21,8.15,13.48,18.26,-0.06,-0.29,8.44,2.31,1.34,-0.28,-1.26,1.07,5.59,0.58,2.92,2.24,20.86
MDA,Food Consumer Price Inflation,Moldova,10.6,9.1,10.9,15.4,-5.6,6.3,8.9,8.9,-0.2,-0.2,0.73,-0.92,0.47,5.51,7.61,7.11,32.48
MDG,Food Consumer Price Inflation,Madagascar,26.4,6.2,11.8,10.4,8.3,6.4,13.5,5.17,4.96,5.41,6.52,6.39,9.3,10.86,4.82,7.44,7.74
MDV,Food Consumer Price Inflation,Maldives,2.1,4,16.2,19.1,0.5,7.5,19.93,17.63,7.16,0.72,0.48,0.58,6.13,-1.08,-0.79,1.8,4.48
MEX,Food Consumer Price Inflation,Mexico,5.37,3.66,6.62,8.15,8.82,3.31,4.36,8.12,5.17,4.74,3.99,4.47,6.97,4.8,4.39,7.23,13.29
MKD,Food Consumer Price Inflation,"Macedonia, FYR",-1.2,2.06,3.72,14.87,-1.2,0.12,6.16,2.29,3.43,-0.97,0.07,-1.3,0.25,0.82,1.62,3.13,18.87
MLI,Food Consumer Price Inflation,Mali,11.3,-0.4,1.84,13.01,3.15,5.12,5.14,8.04,-3.28,-0.21,3.05,-3.27,2.53,2.16,-5.37,5.18,14.32
MLT,Food Consumer Price Inflation,Malta,1.76,2,4.36,8.03,6.37,1.02,3.84,4.7,4.78,0.53,2.97,2.16,3.46,2.92,3.62,2.35,10.02
MOZ,Food Consumer Price Inflation,Mozambique,5.4,17,10.3,18.86,7.01,15.32,13.18,3.13,5.35,3.83,5.22,27.23,16.39,0.01,3.28,10.94,12.43
MRT,Food Consumer Price Inflation,Mauritania,13.7,5.4,10.5,9.6,2.6,7.6,6.36,4.3,4.41,5.07,5.64,2.28,3.08,4.2,2.72,5.79,13
MUS,Food Consumer Price Inflation,Mauritius,5.83,10.04,15.55,15.84,4.08,3.71,5.86,2.16,3.41,4.62,3.24,1.06,3.73,5.81,0.72,4.33,14.5
MYS,Food Consumer Price Inflation,Malaysia,3.7,3.39,3.02,8.84,4.13,2.39,4.81,2.69,3.56,3.34,3.63,3.78,3.98,1.63,1.65,1.77,5.3
NAM,Food Consumer Price Inflation,Namibia,1.3,6.49,11.94,16.79,10.54,3.17,4.93,9.04,6.51,8.26,5.64,10.77,5.6,3.18,4.3,5.73,7.18
NCL,Food Consumer Price Inflation,New Caledonia,14.9,-1.82,-0.53,20.36,11.17,0.33,3.43,3.23,4.44,-1.27,0.46,-1.21,0.75,-0.57,-4.59,7.47,8.15
NER,Food Consumer Price Inflation,Niger,14.9,-1.82,-0.53,20.36,11.17,0.33,3.43,3.23,4.44,-1.27,0.46,-1.21,0.75,-0.57,-4.59,7.47,8.15
NGA,Food Consumer Price Inflation,Nigeria,22.78,5.58,2.13,15.92,14.7,14.86,10.19,11.18,9.51,9.45,9.86,14.83,19.45,14.32,13.68,20.3,20.06
NIC,Food Consumer Price Inflation,Nicaragua,11.5,9.1,17.2,29.4,2.4,4.5,9.11,8.6,9.39,7.87,4.74,1.52,0.58,4.18,4.58,6.38,15.64
NLD,Food Consumer Price Inflation,Netherlands,-1.29,1.64,1.03,5.63,1.08,-0.08,2.21,2.02,2.41,-0.06,0.65,0.95,2.66,0.79,4.05,-0.21,10.15
NOR,Food Consumer Price Inflation,Norway,1.6,1.39,2.71,4.21,4.18,0.21,-0.09,1.21,1.05,3.09,2.89,2.58,0.01,2.53,1.07,-2.03,6.1
NZL,Food Consumer Price Inflation,New Zealand,1.24,2.98,3.98,8.44,6.05,0.95,5.2,-0.72,0.43,0.31,-0.06,-0.6,2.17,-0.24,1.08,1.76,7.6
OMN,Food Consumer Price Inflation,Oman,4.45,6.31,10.98,22.68,0,1.77,4.6,2.17,2.76,1.74,-0.81,-1.17,0.55,-0.7,1.21,0.83,5.24
PAK,Food Consumer Price Inflation,Pakistan,9.9,8.5,10.8,27.6,13.3,17.02,14.56,8.48,8.17,5.79,0.55,2.46,3.29,2.19,11.63,10.51,22.68
PAN,Food Consumer Price Inflation,Panama,4.2,1.31,6.72,14.93,5.77,2.87,5.91,8.08,5.75,3.04,-1.69,1.47,-0.54,-0.64,0.49,1.64,3.38
PHL,Food Consumer Price Inflation,Philippines,6.34,5.18,3.72,12.94,6.27,3.98,5.48,2.59,2.53,5.77,1.89,1.58,3.05,6.85,2.06,4.56,5.47
PNG,Food Consumer Price Inflation,Papua New Guinea,3.5,5.3,0.6,16.6,7.2,5.4,-0.54,-1.06,-1.72,4.9,4.86,5.07,2.83,0.81,3.01,4.36,5.68
POL,Food Consumer Price Inflation,Poland,2.17,0.63,4.5,5.67,4.56,2.76,5.11,4.11,1.94,-0.92,-1.63,0.89,4.35,2.56,4.85,3.18,14.81
PRT,Food Consumer Price Inflation,Portugal,-0.57,2.69,2.45,3.72,-3.44,-0.24,2.1,3.2,1.94,-1.34,1.01,0.49,1.53,0.74,0.32,0.74,12.33
PRY,Food Consumer Price Inflation,Paraguay,5.74,15.67,17.41,15.82,0.6,8.51,13.33,-1.89,3.22,6.45,2.95,5.86,5.74,3.9,1.16,9.22,16.65
QAT,Food Consumer Price Inflation,Qatar,3.2,6.9,7.4,19.9,11,2.1,3.46,3.13,2.3,0.23,0.84,-1.85,1.92,-0.05,0.02,2.67,4.76
ROU,Food Consumer Price Inflation,Romania,6.16,3.9,3.9,9.22,3.26,2.34,6.02,1.91,2.96,-1.63,-3.8,-2.58,2.48,3.75,4.7,2.81,15.73
RUS,Food Consumer Price Inflation,Russian Federation,13.39,9.19,8.8,21.12,11.61,6.59,10.86,3.29,6.15,9.96,20.99,5.76,2.7,1.62,5.05,9.6,12.85
RWA,Food Consumer Price Inflation,Rwanda,10.1,9.92,7.83,16.32,16.25,1.66,6.54,12.41,5.09,1.17,3.86,10.81,9.45,2.88,3.72,-4.15,25.02
SAU,Food Consumer Price Inflation,Saudi Arabia,3,5.34,6.97,14.11,1.96,6.27,5.15,4.44,5.83,1.37,0.64,-1.3,-0.83,6.48,2.07,5.39,3.67
SEN,Food Consumer Price Inflation,Senegal,3.89,1.37,7.27,13.01,-3.24,3.97,6.66,2.48,1.3,-1.86,1.81,3.31,3.74,1.06,0.98,2.78,13.94
SGP,Food Consumer Price Inflation,Singapore,1.29,1.55,2.96,7.73,2.27,1.36,3.05,2.33,2.11,2.91,1.93,2.05,1.4,1.44,1.53,1.6,4.92
SLE,Food Consumer Price Inflation,Sierra Leone,7.3,7.3,11,8.51,8.3,8.59,7.75,6.71,5.68,4.66,8.36,12.57,19.44,17.7,8.81,16.96,26.77
SLV,Food Consumer Price Inflation,El Salvador,6.2,3.1,6.3,12.1,-4.3,1.02,6.94,0.3,2.39,3.19,1.37,-0.56,0.16,0.53,1.16,2.27,12.17
SVK,Food Consumer Price Inflation,Slovak Republic,-1.37,1.42,3.99,7.67,-3.23,1.61,6.06,4.19,3.51,-0.78,-0.29,-2.78,3.97,3.9,4,1.83,17.67
SVN,Food Consumer Price Inflation,Slovenia,-1.01,2.28,8.02,10.02,0.49,0.7,4.39,4.11,3.6,-0.3,0.83,0.92,2.22,2.67,1.6,-0.2,11.63
SWE,Food Consumer Price Inflation,Sweden,-0.69,0.76,2.03,6.91,2.89,1.45,1.28,1.48,2.21,0.37,2.33,1.05,2.14,2.37,34.36,0.41,10.65
TCD,Food Consumer Price Inflation,Chad,11.38,-1.98,-11.07,16.32,9.3,-3.82,1.65,12.34,-1.62,2.52,2.47,-2.71,-3.72,-1.86,-5.39,-1.63,5.93
TGO,Food Consumer Price Inflation,Togo,1.83,2.47,3.89,5.67,9.5,-0.34,1.15,3.37,0.57,-4.35,5.88,3.15,-4.15,0.31,-0.52,9.83,12.07
THA,Food Consumer Price Inflation,Thailand,4.95,4.56,4.04,11.59,4.4,5.44,7.96,4.85,3.41,3.94,1.13,1.61,0,0.41,2.31,-0.13,6.49
TON,Food Consumer Price Inflation,Tonga,6,2.94,7.35,7.69,7.85,2.98,6.57,1.47,1.86,3.65,1.86,1.33,8.6,9.1,1.73,7.24,10.24
TTO,Food Consumer Price Inflation,Trinidad and Tobago,22.99,23.13,17.45,25.9,12.68,22.07,10.47,19.09,8.73,10.04,8.56,7.47,2.92,1.12,0.57,4.4,9.04
TUN,Food Consumer Price Inflation,Tunisia,0.1,5.4,2.8,6.2,4.3,9.39,4.58,7.03,7.18,4.95,4.51,2.72,5.63,7.25,6.87,6.34,9.72
TUR,Food Consumer Price Inflation,Turkey,4.93,9.7,12.42,12.79,8.02,10.58,6.24,8.41,9.1,12.62,11.15,5.79,12.7,17.96,19.54,24.28,85.17
TZA,Food Consumer Price Inflation,Tanzania,4.74,7,7.01,12.65,17.53,7.64,15.97,20.59,8.47,7.43,8.41,7.5,9.12,2.96,2.86,4.26,6.87
UGA,Food Consumer Price Inflation,Uganda,-6.87,5.94,2.66,19.85,25.25,2.66,29.26,13.61,2.25,3.82,7.43,5.53,10.1,-1.19,-0.2,0.67,12.64
UKR,Food Consumer Price Inflation,Ukraine,16.6,5.31,9.64,35.68,11.94,10.88,6.42,-2.13,-2.16,12.05,45.92,8.96,12.88,11.15,8,10.79,25.26
URY,Food Consumer Price Inflation,Uruguay,3.04,5.64,16.15,13.7,5.2,5.99,9.54,8.39,10.68,10.42,9.47,9.62,2.81,8.34,8.76,6.8,10.95
USA,Food Consumer Price Inflation,United States,2.43,2.35,3.91,5.37,1.88,0.79,3.58,2.55,1.41,2.31,1.8,0.34,0.88,1.4,0.89,3.47,11.35
VEN,Food Consumer Price Inflation,"Venezuela, RB",21.14,20.07,26.83,42.82,27.96,32.97,29.92,24.8,54.15,86.73,218.67,217.74,482.7,38386,17710.79,1934.56,193.71
VNM,Food Consumer Price Inflation,Vietnam,11.08,8.68,11.23,36.89,8.46,11.41,26.69,7.9,2.69,4,1.48,2.61,-1.08,3.24,4.07,0.73,1.96
ZAF,Food Consumer Price Inflation,South Africa,2,6.1,9.51,15.31,9.53,1.37,7.13,7.15,5.7,7.6,5.12,10.53,6.95,3.58,3.55,6.1,8.97
ZMB,Food Consumer Price Inflation,Zambia,18.6,4.9,5.3,13.8,14.2,5.2,4.83,7.01,6.52,7.25,11.08,21.26,5.76,7.14,10.44,27.71,15.68
ZWE,Food Consumer Price Inflation,Zimbabwe,223.9,1034.2,7375.3,7375.3,-15.08,3.83,3.99,4.62,1.69,-3.12,-3.34,-3.26,2.5,14.59,86.12,105.8,63.31
